Claim_ID,Industry,Policy_Type,Claim_Amount,Incident_Description,Expert_Decision,Underwriter_Reasoning,Accepted_Parts,Rejected_Parts
CLM-1000,Healthcare,Commercial Property,$78000,"Water pipe burst in the main office causing damage to computers, servers, and carpets. Operations halted for 3 days.",Partial Reject / Partial Accept,"The physical damage to the computers, servers, and carpets is covered under the water damage provision. However, the claim for 3 days of business interruption is rejected because the policy carries a 72-hour waiting period deductible for business income coverage. Since the halt was exactly 3 days (72 hours), no business income loss is payable.",Physical Property Damage,Business Interruption (waiting period applies)
CLM-1001,IT Services,General Liability,$87000,A customer slipped on a wet floor in the retail store and broke their arm. They are suing for medical expenses and emotional distress.,Partial Reject / Partial Accept,"Medical expenses are accepted under the Medical Payments to Others coverage. The claim for emotional distress is currently under reservation of rights, but typically general liability policies require bodily injury to trigger emotional distress damages. Since there is a bodily injury (broken arm), we will accept the defense of the suit, but any punitive damages awarded for negligence will be rejected as per the punitive damages exclusion.","Medical Expenses, Legal Defense Costs",Punitive Damages (if awarded)
CLM-1002,Manufacturing,Workers Compensation,$83000,Employee suffered a repetitive stress injury (carpal tunnel) from typing and filed a claim for surgery and 6 weeks of lost wages.,Partial Reject / Partial Accept,"Carpal tunnel is recognized as an occupational disease. The surgery and related medical costs are accepted. However, the exact lost wages calculation must be adjusted. The employee claimed 100% of lost wages, but the statutory benefit is 66.67% of the Average Weekly Wage (AWW). The portion of the wage claim exceeding 66.67% is rejected.","Medical Surgery Costs, 66.67% of Lost Wages",Lost wages exceeding statutory limit (33.33% of claimed wages)
CLM-1003,Healthcare,Commercial Auto,$38000,"Delivery van rear-ended a third-party vehicle. The third-party is claiming $15,000 in vehicle damage and $5,000 for a rented replacement vehicle. Our driver was not on the clock.",Full Reject,"The claim is entirely rejected. The investigation revealed the employee was using the company vehicle for personal errands outside of business hours without authorization, which falls under the non-permissive use exclusion in the commercial auto policy.",None,Entire Claim (Vehicle Damage and Rental)
CLM-1004,IT Services,Professional Liability,$101000,"Software deployed by the insured company contained a bug that caused a client's e-commerce site to go down for 12 hours, resulting in $50,000 of lost sales.",Partial Reject / Partial Accept,"The claim for negligent performance of professional services is covered. The loss of $50,000 is accepted. However, the client is also claiming $10,000 in 'reputational harm'. The policy explicitly excludes damages for reputational harm and loss of future market share. That $10,000 portion is rejected.","Direct Financial Loss from downtime ($50,000)","Reputational Harm ($10,000)"
CLM-1005,IT Services,Commercial Property,$25000,Fire broke out in the manufacturing plant destroying raw materials and machinery. The insured is claiming the replacement cost of a 15-year-old machine as if it were brand new.,Partial Reject / Partial Accept,"The raw materials are covered at actual cost. The machinery claim must be adjusted. The policy valuation clause for this specific 15-year-old machine is Actual Cash Value (ACV), not Replacement Cost (RC). Therefore, we must apply a 60% depreciation factor. The difference in cost between RC and ACV is rejected.","Actual Cash Value of machinery, Raw Materials",Replacement Cost of machinery (depreciation applied)
CLM-1006,Healthcare,Cyber Liability,$7000,"A cyber attack encrypted company servers. The insured paid a $100,000 ransom and is claiming the ransom amount, plus $20,000 for IT forensics, and $5,000 for upgraded security software.",Partial Reject / Partial Accept,"The $20,000 for IT forensics is covered under the incident response provision. The $100,000 ransom is covered under the cyber extortion insuring agreement, as they obtained prior written consent from us before paying. However, the $5,000 for upgraded security software is rejected because the policy covers restoring systems to their pre-breach state; betterment or upgrades are excluded.","Ransom Payment, IT Forensics","Upgraded Security Software ($5,000 betterment)"
CLM-1007,IT Services,Commercial Property,$54000,A powerful storm blew the roof off the retail building. Rain destroyed inventory. The insured also claims the cost to remove a fallen tree from the empty parking lot.,Partial Reject / Partial Accept,"Damage to the building and the interior wet inventory are covered perils. The tree removal is rejected. The policy has a debris removal extension, but it only applies if the debris caused damage to covered property or blocked access to the building. Since the tree was in an empty corner of the lot and didn't hit anything or block access, the cost to remove it is not covered.","Roof repair, Inventory replacement",Tree removal from empty lot
CLM-1008,IT Services,Commercial Crime,$14000,"An employee stole $25,000 from the company safe over a period of 6 months. The employer discovered it and fired the employee. They are claiming the lost cash and $5,000 for a private investigator.",Partial Reject / Partial Accept,"The employee theft of $25,000 is covered under the Employee Dishonesty insuring agreement. The $5,000 investigative cost is rejected. Our standard crime policy covers direct physical loss of money, but investigative expenses incurred by the insured to prove the loss are expressly excluded.","Stolen Cash ($25,000)","Private Investigator Fees ($5,000)"
CLM-1009,Hospitality,Commercial Auto,$14000,"Company vehicle was broken into while parked overnight at a hotel. Thieves stole a laptop and $5,000 worth of specialized tools left in the back seat.",Partial Reject / Partial Accept,"The broken window and damage to the vehicle are covered under Comprehensive auto coverage. The theft of the laptop and tools is rejected under the Auto policy. Personal property and tools in transit must be covered under an Inland Marine or Property off-premises endorsement, which this insured does not carry. Additionally, leaving tools visible in an unattended vehicle violates the minimum security condition of their property policy anyway.",Vehicle Glass Damage,Laptop and Specialized Tools
CLM-1010,Retail,Commercial Property,$118000,"Water pipe burst in the main office causing damage to computers, servers, and carpets. Operations halted for 3 days.",Partial Reject / Partial Accept,"The physical damage to the computers, servers, and carpets is covered under the water damage provision. However, the claim for 3 days of business interruption is rejected because the policy carries a 72-hour waiting period deductible for business income coverage. Since the halt was exactly 3 days (72 hours), no business income loss is payable.",Physical Property Damage,Business Interruption (waiting period applies)
CLM-1011,Hospitality,General Liability,$54000,A customer slipped on a wet floor in the retail store and broke their arm. They are suing for medical expenses and emotional distress.,Partial Reject / Partial Accept,"Medical expenses are accepted under the Medical Payments to Others coverage. The claim for emotional distress is currently under reservation of rights, but typically general liability policies require bodily injury to trigger emotional distress damages. Since there is a bodily injury (broken arm), we will accept the defense of the suit, but any punitive damages awarded for negligence will be rejected as per the punitive damages exclusion.","Medical Expenses, Legal Defense Costs",Punitive Damages (if awarded)
CLM-1012,Retail,Workers Compensation,$146000,Employee suffered a repetitive stress injury (carpal tunnel) from typing and filed a claim for surgery and 6 weeks of lost wages.,Partial Reject / Partial Accept,"Carpal tunnel is recognized as an occupational disease. The surgery and related medical costs are accepted. However, the exact lost wages calculation must be adjusted. The employee claimed 100% of lost wages, but the statutory benefit is 66.67% of the Average Weekly Wage (AWW). The portion of the wage claim exceeding 66.67% is rejected.","Medical Surgery Costs, 66.67% of Lost Wages",Lost wages exceeding statutory limit (33.33% of claimed wages)
CLM-1013,Hospitality,Commercial Auto,$97000,"Delivery van rear-ended a third-party vehicle. The third-party is claiming $15,000 in vehicle damage and $5,000 for a rented replacement vehicle. Our driver was not on the clock.",Full Reject,"The claim is entirely rejected. The investigation revealed the employee was using the company vehicle for personal errands outside of business hours without authorization, which falls under the non-permissive use exclusion in the commercial auto policy.",None,Entire Claim (Vehicle Damage and Rental)
CLM-1014,Manufacturing,Professional Liability,$136000,"Software deployed by the insured company contained a bug that caused a client's e-commerce site to go down for 12 hours, resulting in $50,000 of lost sales.",Partial Reject / Partial Accept,"The claim for negligent performance of professional services is covered. The loss of $50,000 is accepted. However, the client is also claiming $10,000 in 'reputational harm'. The policy explicitly excludes damages for reputational harm and loss of future market share. That $10,000 portion is rejected.","Direct Financial Loss from downtime ($50,000)","Reputational Harm ($10,000)"
CLM-1015,IT Services,Commercial Property,$97000,Fire broke out in the manufacturing plant destroying raw materials and machinery. The insured is claiming the replacement cost of a 15-year-old machine as if it were brand new.,Partial Reject / Partial Accept,"The raw materials are covered at actual cost. The machinery claim must be adjusted. The policy valuation clause for this specific 15-year-old machine is Actual Cash Value (ACV), not Replacement Cost (RC). Therefore, we must apply a 60% depreciation factor. The difference in cost between RC and ACV is rejected.","Actual Cash Value of machinery, Raw Materials",Replacement Cost of machinery (depreciation applied)
CLM-1016,Hospitality,Cyber Liability,$12000,"A cyber attack encrypted company servers. The insured paid a $100,000 ransom and is claiming the ransom amount, plus $20,000 for IT forensics, and $5,000 for upgraded security software.",Partial Reject / Partial Accept,"The $20,000 for IT forensics is covered under the incident response provision. The $100,000 ransom is covered under the cyber extortion insuring agreement, as they obtained prior written consent from us before paying. However, the $5,000 for upgraded security software is rejected because the policy covers restoring systems to their pre-breach state; betterment or upgrades are excluded.","Ransom Payment, IT Forensics","Upgraded Security Software ($5,000 betterment)"
CLM-1017,Construction,Commercial Property,$113000,A powerful storm blew the roof off the retail building. Rain destroyed inventory. The insured also claims the cost to remove a fallen tree from the empty parking lot.,Partial Reject / Partial Accept,"Damage to the building and the interior wet inventory are covered perils. The tree removal is rejected. The policy has a debris removal extension, but it only applies if the debris caused damage to covered property or blocked access to the building. Since the tree was in an empty corner of the lot and didn't hit anything or block access, the cost to remove it is not covered.","Roof repair, Inventory replacement",Tree removal from empty lot
CLM-1018,Hospitality,Commercial Crime,$88000,"An employee stole $25,000 from the company safe over a period of 6 months. The employer discovered it and fired the employee. They are claiming the lost cash and $5,000 for a private investigator.",Partial Reject / Partial Accept,"The employee theft of $25,000 is covered under the Employee Dishonesty insuring agreement. The $5,000 investigative cost is rejected. Our standard crime policy covers direct physical loss of money, but investigative expenses incurred by the insured to prove the loss are expressly excluded.","Stolen Cash ($25,000)","Private Investigator Fees ($5,000)"
CLM-1019,Hospitality,Commercial Auto,$144000,"Company vehicle was broken into while parked overnight at a hotel. Thieves stole a laptop and $5,000 worth of specialized tools left in the back seat.",Partial Reject / Partial Accept,"The broken window and damage to the vehicle are covered under Comprehensive auto coverage. The theft of the laptop and tools is rejected under the Auto policy. Personal property and tools in transit must be covered under an Inland Marine or Property off-premises endorsement, which this insured does not carry. Additionally, leaving tools visible in an unattended vehicle violates the minimum security condition of their property policy anyway.",Vehicle Glass Damage,Laptop and Specialized Tools
CLM-1020,Healthcare,Commercial Property,$143000,"Water pipe burst in the main office causing damage to computers, servers, and carpets. Operations halted for 3 days.",Partial Reject / Partial Accept,"The physical damage to the computers, servers, and carpets is covered under the water damage provision. However, the claim for 3 days of business interruption is rejected because the policy carries a 72-hour waiting period deductible for business income coverage. Since the halt was exactly 3 days (72 hours), no business income loss is payable.",Physical Property Damage,Business Interruption (waiting period applies)
CLM-1021,Construction,General Liability,$91000,A customer slipped on a wet floor in the retail store and broke their arm. They are suing for medical expenses and emotional distress.,Partial Reject / Partial Accept,"Medical expenses are accepted under the Medical Payments to Others coverage. The claim for emotional distress is currently under reservation of rights, but typically general liability policies require bodily injury to trigger emotional distress damages. Since there is a bodily injury (broken arm), we will accept the defense of the suit, but any punitive damages awarded for negligence will be rejected as per the punitive damages exclusion.","Medical Expenses, Legal Defense Costs",Punitive Damages (if awarded)
CLM-1022,Construction,Workers Compensation,$100000,Employee suffered a repetitive stress injury (carpal tunnel) from typing and filed a claim for surgery and 6 weeks of lost wages.,Partial Reject / Partial Accept,"Carpal tunnel is recognized as an occupational disease. The surgery and related medical costs are accepted. However, the exact lost wages calculation must be adjusted. The employee claimed 100% of lost wages, but the statutory benefit is 66.67% of the Average Weekly Wage (AWW). The portion of the wage claim exceeding 66.67% is rejected.","Medical Surgery Costs, 66.67% of Lost Wages",Lost wages exceeding statutory limit (33.33% of claimed wages)
CLM-1023,Construction,Commercial Auto,$36000,"Delivery van rear-ended a third-party vehicle. The third-party is claiming $15,000 in vehicle damage and $5,000 for a rented replacement vehicle. Our driver was not on the clock.",Full Reject,"The claim is entirely rejected. The investigation revealed the employee was using the company vehicle for personal errands outside of business hours without authorization, which falls under the non-permissive use exclusion in the commercial auto policy.",None,Entire Claim (Vehicle Damage and Rental)
CLM-1024,Retail,Professional Liability,$110000,"Software deployed by the insured company contained a bug that caused a client's e-commerce site to go down for 12 hours, resulting in $50,000 of lost sales.",Partial Reject / Partial Accept,"The claim for negligent performance of professional services is covered. The loss of $50,000 is accepted. However, the client is also claiming $10,000 in 'reputational harm'. The policy explicitly excludes damages for reputational harm and loss of future market share. That $10,000 portion is rejected.","Direct Financial Loss from downtime ($50,000)","Reputational Harm ($10,000)"
CLM-1025,Retail,Commercial Property,$24000,Fire broke out in the manufacturing plant destroying raw materials and machinery. The insured is claiming the replacement cost of a 15-year-old machine as if it were brand new.,Partial Reject / Partial Accept,"The raw materials are covered at actual cost. The machinery claim must be adjusted. The policy valuation clause for this specific 15-year-old machine is Actual Cash Value (ACV), not Replacement Cost (RC). Therefore, we must apply a 60% depreciation factor. The difference in cost between RC and ACV is rejected.","Actual Cash Value of machinery, Raw Materials",Replacement Cost of machinery (depreciation applied)
CLM-1026,Hospitality,Cyber Liability,$145000,"A cyber attack encrypted company servers. The insured paid a $100,000 ransom and is claiming the ransom amount, plus $20,000 for IT forensics, and $5,000 for upgraded security software.",Partial Reject / Partial Accept,"The $20,000 for IT forensics is covered under the incident response provision. The $100,000 ransom is covered under the cyber extortion insuring agreement, as they obtained prior written consent from us before paying. However, the $5,000 for upgraded security software is rejected because the policy covers restoring systems to their pre-breach state; betterment or upgrades are excluded.","Ransom Payment, IT Forensics","Upgraded Security Software ($5,000 betterment)"
CLM-1027,Construction,Commercial Property,$72000,A powerful storm blew the roof off the retail building. Rain destroyed inventory. The insured also claims the cost to remove a fallen tree from the empty parking lot.,Partial Reject / Partial Accept,"Damage to the building and the interior wet inventory are covered perils. The tree removal is rejected. The policy has a debris removal extension, but it only applies if the debris caused damage to covered property or blocked access to the building. Since the tree was in an empty corner of the lot and didn't hit anything or block access, the cost to remove it is not covered.","Roof repair, Inventory replacement",Tree removal from empty lot
CLM-1028,Hospitality,Commercial Crime,$138000,"An employee stole $25,000 from the company safe over a period of 6 months. The employer discovered it and fired the employee. They are claiming the lost cash and $5,000 for a private investigator.",Partial Reject / Partial Accept,"The employee theft of $25,000 is covered under the Employee Dishonesty insuring agreement. The $5,000 investigative cost is rejected. Our standard crime policy covers direct physical loss of money, but investigative expenses incurred by the insured to prove the loss are expressly excluded.","Stolen Cash ($25,000)","Private Investigator Fees ($5,000)"
CLM-1029,Healthcare,Commercial Auto,$20000,"Company vehicle was broken into while parked overnight at a hotel. Thieves stole a laptop and $5,000 worth of specialized tools left in the back seat.",Partial Reject / Partial Accept,"The broken window and damage to the vehicle are covered under Comprehensive auto coverage. The theft of the laptop and tools is rejected under the Auto policy. Personal property and tools in transit must be covered under an Inland Marine or Property off-premises endorsement, which this insured does not carry. Additionally, leaving tools visible in an unattended vehicle violates the minimum security condition of their property policy anyway.",Vehicle Glass Damage,Laptop and Specialized Tools
CLM-1030,Healthcare,Commercial Property,$31000,"Water pipe burst in the main office causing damage to computers, servers, and carpets. Operations halted for 3 days.",Partial Reject / Partial Accept,"The physical damage to the computers, servers, and carpets is covered under the water damage provision. However, the claim for 3 days of business interruption is rejected because the policy carries a 72-hour waiting period deductible for business income coverage. Since the halt was exactly 3 days (72 hours), no business income loss is payable.",Physical Property Damage,Business Interruption (waiting period applies)
CLM-1031,Manufacturing,General Liability,$21000,A customer slipped on a wet floor in the retail store and broke their arm. They are suing for medical expenses and emotional distress.,Partial Reject / Partial Accept,"Medical expenses are accepted under the Medical Payments to Others coverage. The claim for emotional distress is currently under reservation of rights, but typically general liability policies require bodily injury to trigger emotional distress damages. Since there is a bodily injury (broken arm), we will accept the defense of the suit, but any punitive damages awarded for negligence will be rejected as per the punitive damages exclusion.","Medical Expenses, Legal Defense Costs",Punitive Damages (if awarded)
CLM-1032,Hospitality,Workers Compensation,$99000,Employee suffered a repetitive stress injury (carpal tunnel) from typing and filed a claim for surgery and 6 weeks of lost wages.,Partial Reject / Partial Accept,"Carpal tunnel is recognized as an occupational disease. The surgery and related medical costs are accepted. However, the exact lost wages calculation must be adjusted. The employee claimed 100% of lost wages, but the statutory benefit is 66.67% of the Average Weekly Wage (AWW). The portion of the wage claim exceeding 66.67% is rejected.","Medical Surgery Costs, 66.67% of Lost Wages",Lost wages exceeding statutory limit (33.33% of claimed wages)
CLM-1033,Retail,Commercial Auto,$131000,"Delivery van rear-ended a third-party vehicle. The third-party is claiming $15,000 in vehicle damage and $5,000 for a rented replacement vehicle. Our driver was not on the clock.",Full Reject,"The claim is entirely rejected. The investigation revealed the employee was using the company vehicle for personal errands outside of business hours without authorization, which falls under the non-permissive use exclusion in the commercial auto policy.",None,Entire Claim (Vehicle Damage and Rental)
CLM-1034,Hospitality,Professional Liability,$27000,"Software deployed by the insured company contained a bug that caused a client's e-commerce site to go down for 12 hours, resulting in $50,000 of lost sales.",Partial Reject / Partial Accept,"The claim for negligent performance of professional services is covered. The loss of $50,000 is accepted. However, the client is also claiming $10,000 in 'reputational harm'. The policy explicitly excludes damages for reputational harm and loss of future market share. That $10,000 portion is rejected.","Direct Financial Loss from downtime ($50,000)","Reputational Harm ($10,000)"
CLM-1035,IT Services,Commercial Property,$54000,Fire broke out in the manufacturing plant destroying raw materials and machinery. The insured is claiming the replacement cost of a 15-year-old machine as if it were brand new.,Partial Reject / Partial Accept,"The raw materials are covered at actual cost. The machinery claim must be adjusted. The policy valuation clause for this specific 15-year-old machine is Actual Cash Value (ACV), not Replacement Cost (RC). Therefore, we must apply a 60% depreciation factor. The difference in cost between RC and ACV is rejected.","Actual Cash Value of machinery, Raw Materials",Replacement Cost of machinery (depreciation applied)
CLM-1036,Construction,Cyber Liability,$136000,"A cyber attack encrypted company servers. The insured paid a $100,000 ransom and is claiming the ransom amount, plus $20,000 for IT forensics, and $5,000 for upgraded security software.",Partial Reject / Partial Accept,"The $20,000 for IT forensics is covered under the incident response provision. The $100,000 ransom is covered under the cyber extortion insuring agreement, as they obtained prior written consent from us before paying. However, the $5,000 for upgraded security software is rejected because the policy covers restoring systems to their pre-breach state; betterment or upgrades are excluded.","Ransom Payment, IT Forensics","Upgraded Security Software ($5,000 betterment)"
CLM-1037,Construction,Commercial Property,$46000,A powerful storm blew the roof off the retail building. Rain destroyed inventory. The insured also claims the cost to remove a fallen tree from the empty parking lot.,Partial Reject / Partial Accept,"Damage to the building and the interior wet inventory are covered perils. The tree removal is rejected. The policy has a debris removal extension, but it only applies if the debris caused damage to covered property or blocked access to the building. Since the tree was in an empty corner of the lot and didn't hit anything or block access, the cost to remove it is not covered.","Roof repair, Inventory replacement",Tree removal from empty lot
CLM-1038,Retail,Commercial Crime,$65000,"An employee stole $25,000 from the company safe over a period of 6 months. The employer discovered it and fired the employee. They are claiming the lost cash and $5,000 for a private investigator.",Partial Reject / Partial Accept,"The employee theft of $25,000 is covered under the Employee Dishonesty insuring agreement. The $5,000 investigative cost is rejected. Our standard crime policy covers direct physical loss of money, but investigative expenses incurred by the insured to prove the loss are expressly excluded.","Stolen Cash ($25,000)","Private Investigator Fees ($5,000)"
CLM-1039,Retail,Commercial Auto,$143000,"Company vehicle was broken into while parked overnight at a hotel. Thieves stole a laptop and $5,000 worth of specialized tools left in the back seat.",Partial Reject / Partial Accept,"The broken window and damage to the vehicle are covered under Comprehensive auto coverage. The theft of the laptop and tools is rejected under the Auto policy. Personal property and tools in transit must be covered under an Inland Marine or Property off-premises endorsement, which this insured does not carry. Additionally, leaving tools visible in an unattended vehicle violates the minimum security condition of their property policy anyway.",Vehicle Glass Damage,Laptop and Specialized Tools
CLM-1040,Healthcare,Commercial Property,$117000,"Water pipe burst in the main office causing damage to computers, servers, and carpets. Operations halted for 3 days.",Partial Reject / Partial Accept,"The physical damage to the computers, servers, and carpets is covered under the water damage provision. However, the claim for 3 days of business interruption is rejected because the policy carries a 72-hour waiting period deductible for business income coverage. Since the halt was exactly 3 days (72 hours), no business income loss is payable.",Physical Property Damage,Business Interruption (waiting period applies)
CLM-1041,Construction,General Liability,$63000,A customer slipped on a wet floor in the retail store and broke their arm. They are suing for medical expenses and emotional distress.,Partial Reject / Partial Accept,"Medical expenses are accepted under the Medical Payments to Others coverage. The claim for emotional distress is currently under reservation of rights, but typically general liability policies require bodily injury to trigger emotional distress damages. Since there is a bodily injury (broken arm), we will accept the defense of the suit, but any punitive damages awarded for negligence will be rejected as per the punitive damages exclusion.","Medical Expenses, Legal Defense Costs",Punitive Damages (if awarded)
CLM-1042,IT Services,Workers Compensation,$147000,Employee suffered a repetitive stress injury (carpal tunnel) from typing and filed a claim for surgery and 6 weeks of lost wages.,Partial Reject / Partial Accept,"Carpal tunnel is recognized as an occupational disease. The surgery and related medical costs are accepted. However, the exact lost wages calculation must be adjusted. The employee claimed 100% of lost wages, but the statutory benefit is 66.67% of the Average Weekly Wage (AWW). The portion of the wage claim exceeding 66.67% is rejected.","Medical Surgery Costs, 66.67% of Lost Wages",Lost wages exceeding statutory limit (33.33% of claimed wages)
CLM-1043,IT Services,Commercial Auto,$53000,"Delivery van rear-ended a third-party vehicle. The third-party is claiming $15,000 in vehicle damage and $5,000 for a rented replacement vehicle. Our driver was not on the clock.",Full Reject,"The claim is entirely rejected. The investigation revealed the employee was using the company vehicle for personal errands outside of business hours without authorization, which falls under the non-permissive use exclusion in the commercial auto policy.",None,Entire Claim (Vehicle Damage and Rental)
CLM-1044,IT Services,Professional Liability,$29000,"Software deployed by the insured company contained a bug that caused a client's e-commerce site to go down for 12 hours, resulting in $50,000 of lost sales.",Partial Reject / Partial Accept,"The claim for negligent performance of professional services is covered. The loss of $50,000 is accepted. However, the client is also claiming $10,000 in 'reputational harm'. The policy explicitly excludes damages for reputational harm and loss of future market share. That $10,000 portion is rejected.","Direct Financial Loss from downtime ($50,000)","Reputational Harm ($10,000)"
CLM-1045,Manufacturing,Commercial Property,$64000,Fire broke out in the manufacturing plant destroying raw materials and machinery. The insured is claiming the replacement cost of a 15-year-old machine as if it were brand new.,Partial Reject / Partial Accept,"The raw materials are covered at actual cost. The machinery claim must be adjusted. The policy valuation clause for this specific 15-year-old machine is Actual Cash Value (ACV), not Replacement Cost (RC). Therefore, we must apply a 60% depreciation factor. The difference in cost between RC and ACV is rejected.","Actual Cash Value of machinery, Raw Materials",Replacement Cost of machinery (depreciation applied)
CLM-1046,Manufacturing,Cyber Liability,$110000,"A cyber attack encrypted company servers. The insured paid a $100,000 ransom and is claiming the ransom amount, plus $20,000 for IT forensics, and $5,000 for upgraded security software.",Partial Reject / Partial Accept,"The $20,000 for IT forensics is covered under the incident response provision. The $100,000 ransom is covered under the cyber extortion insuring agreement, as they obtained prior written consent from us before paying. However, the $5,000 for upgraded security software is rejected because the policy covers restoring systems to their pre-breach state; betterment or upgrades are excluded.","Ransom Payment, IT Forensics","Upgraded Security Software ($5,000 betterment)"
CLM-1047,IT Services,Commercial Property,$132000,A powerful storm blew the roof off the retail building. Rain destroyed inventory. The insured also claims the cost to remove a fallen tree from the empty parking lot.,Partial Reject / Partial Accept,"Damage to the building and the interior wet inventory are covered perils. The tree removal is rejected. The policy has a debris removal extension, but it only applies if the debris caused damage to covered property or blocked access to the building. Since the tree was in an empty corner of the lot and didn't hit anything or block access, the cost to remove it is not covered.","Roof repair, Inventory replacement",Tree removal from empty lot
CLM-1048,Construction,Commercial Crime,$46000,"An employee stole $25,000 from the company safe over a period of 6 months. The employer discovered it and fired the employee. They are claiming the lost cash and $5,000 for a private investigator.",Partial Reject / Partial Accept,"The employee theft of $25,000 is covered under the Employee Dishonesty insuring agreement. The $5,000 investigative cost is rejected. Our standard crime policy covers direct physical loss of money, but investigative expenses incurred by the insured to prove the loss are expressly excluded.","Stolen Cash ($25,000)","Private Investigator Fees ($5,000)"
CLM-1049,Hospitality,Commercial Auto,$91000,"Company vehicle was broken into while parked overnight at a hotel. Thieves stole a laptop and $5,000 worth of specialized tools left in the back seat.",Partial Reject / Partial Accept,"The broken window and damage to the vehicle are covered under Comprehensive auto coverage. The theft of the laptop and tools is rejected under the Auto policy. Personal property and tools in transit must be covered under an Inland Marine or Property off-premises endorsement, which this insured does not carry. Additionally, leaving tools visible in an unattended vehicle violates the minimum security condition of their property policy anyway.",Vehicle Glass Damage,Laptop and Specialized Tools
